{
  "angular_render_basic": {
    "mean": 2293.0655266876583,
    "mean_ci_lower": 2229.139227375746,
    "mean_ci_upper": 2358.2690960578925,
    "median": 2262.0199528256476,
    "std_dev": 331.12038764162315,
    "unit": "ns"
  },
  "basic": {
    "mean": 5569.300937554555,
    "mean_ci_lower": 5395.985831606017,
    "mean_ci_upper": 5749.034920162384,
    "median": 5547.154945894441,
    "std_dev": 906.6815223358652,
    "unit": "ns"
  },
  "branching": {
    "mean": 9856.979735074907,
    "mean_ci_lower": 9534.358459081848,
    "mean_ci_upper": 10183.52852949089,
    "median": 9767.455364829206,
    "std_dev": 1664.0584901644568,
    "unit": "ns"
  },
  "parse_graphs_100_samples": {
    "mean": 4404494.000000001,
    "mean_ci_lower": 4325961.718181818,
    "mean_ci_upper": 4485914.9340909105,
    "median": 4368154.545454545,
    "std_dev": 409071.4828409117,
    "unit": "ns"
  },
  "react_render_basic": {
    "mean": 2168.4992017797126,
    "mean_ci_lower": 2106.310113173981,
    "mean_ci_upper": 2232.1841380609058,
    "median": 2089.890759850922,
    "std_dev": 323.62501521241273,
    "unit": "ns"
  }
}
